variable,exam
study_hours,0.8254185093960443
mental_health,0.32152293065514614
exercise_frequency,0.1601074643790821
sleep,0.12168291063767982
attendance,0.08983560176992739
age,-0.008906871863984747
has_job,-0.026608464025064237
social_media,-0.16673288510861672
netflix,-0.17177923845531576
total_screen_time,-0.23763123167240494
