Variable,mean,sd,min,max
age,20.498,2.3080995046408472,17,24
study_hours,3.5501,1.4688899303990164,0,8.3
social_media,2.5055,1.172422417187732,0,7.2
netflix,1.8197,1.0751175692861632,0,5.4
attendance,84.1317,9.399246296429355,56,100
sleep,6.4701,1.2263767732593398,3.2,10
exercise_frequency,3.042,2.025423002322808,0,6
mental_health,5.438,2.847501407245353,1,10
exam,69.6015,16.888563921818257,18.4,100
total_screen_time,4.3252,1.5998075960390812,0.2,10.1
has_job,0.215,0.4110279113928201,0,1
